{
  "early": {
    "wL": 0.12500000000000003,
    "wC": 0.625,
    "wS": 0.12500000000000003,
    "wT": 0.12500000000000003
  },
  "mid": {
    "wL": 0.22222222222222224,
    "wC": 0.4444444444444445,
    "wS": 0.22222222222222224,
    "wT": 0.11111111111111112
  },
  "late": {
    "wL": 0.3333333333333333,
    "wC": 0.22222222222222224,
    "wS": 0.3333333333333333,
    "wT": 0.11111111111111112
  },
  "_meta": {
    "mode": "real_qwen",
    "model": "E:\\sfollm\\llm\\models\\Qwen2.5-3B-Instruct-full"
  }
}