{
  "early": {
    "wL": 0.1,
    "wC": 0.5,
    "wS": 0.2,
    "wT": 0.2
  },
  "mid": {
    "wL": 0.16666666666666666,
    "wC": 0.3333333333333333,
    "wS": 0.24999999999999994,
    "wT": 0.24999999999999994
  },
  "late": {
    "wL": 0.3,
    "wC": 0.2,
    "wS": 0.4,
    "wT": 0.1
  },
  "_meta": {
    "mode": "real_qwen",
    "model": "llm/models/Qwen2.5-3B-Instruct-full"
  }
}