{
  "early": {
    "wL": 0.20370548697109178,
    "wC": 0.5074051961558461,
    "wS": 0.19185139533540047,
    "wT": 0.09703792153766153
  },
  "mid": {
    "wL": 0.2880609409682877,
    "wC": 0.38432702606212055,
    "wS": 0.2164172733340577,
    "wT": 0.1111947596355339
  },
  "late": {
    "wL": 0.3893556149151095,
    "wC": 0.2357400315163642,
    "wS": 0.24790764163086307,
    "wT": 0.12699671193766326
  },
  "_meta": {
    "mode": "mock",
    "note": "deterministic rule-based weights"
  }
}